{"cameraMode":{"drawMode":0,"name":"Shaded","section":"Shading Mode"},"sceneLighting":true,"audioPlay":false,"sceneViewState":{"m_AlwaysRefresh":false,"showFog":true,"showSkybox":true,"showFlares":true,"showImageEffects":true,"showParticleSystems":true,"showVisualEffectGraphs":true,"m_FxEnabled":true},"in2DMode":false,"pivot":{"x":424.8864440917969,"y":201.96482849121095,"z":-136.3663330078125},"rotation":{"x":-0.0632615014910698,"y":0.0062960414215922359,"z":-0.0002442258410155773,"w":-0.998075544834137},"size":190.39723205566407,"orthographic":false}