{"cameraMode":{"drawMode":0,"name":"Shaded","section":"Shading Mode"},"sceneLighting":true,"audioPlay":false,"sceneViewState":{"m_AlwaysRefresh":false,"showFog":true,"showSkybox":true,"showFlares":true,"showImageEffects":true,"showParticleSystems":true,"showVisualEffectGraphs":true,"m_FxEnabled":true},"in2DMode":false,"pivot":{"x":-19.889999389648439,"y":0.9979017376899719,"z":14.720000267028809},"rotation":{"x":0.024259964004158975,"y":0.05007319524884224,"z":-0.0013773113023489714,"w":0.9985541105270386},"size":1.050682544708252,"orthographic":false}